Subject,Level,Subject - Level,Start Datetime,End Datetime,Start Date,Start Time,End Date,End Time,Duration,Description,Duration (+25%),End Time (+25%),End Datetime (+25%),Duration (+50%),End Time (+50%),End Datetime (+50%)
Environmental Science,National 5,Environmental Science - National 5,2026-04-22 09:00:00,2026-04-22 11:30:00,2026-04-22,09:00,2026-04-22,11:30,02:30,,03:07,12:07,2026-04-22 12:07:30,03:45,12:45,2026-04-22 12:45:00
Spanish,Higher,Spanish - Higher,2026-04-22 09:00:00,2026-04-22 11:00:00,2026-04-22,09:00,2026-04-22,11:00,02:00,Reading and Directed Writing,02:30,11:30,2026-04-22 11:30:00,03:00,12:00,2026-04-22 12:00:00
Spanish,Higher,Spanish - Higher,2026-04-22 11:30:00,2026-04-22 12:00:00,2026-04-22,11:30,2026-04-22,12:00,00:30,Listening,00:37,12:07,2026-04-22 12:07:30,00:45,12:15,2026-04-22 12:15:00
Spanish,Advanced Higher,Spanish - Advanced Higher,2026-04-22 09:00:00,2026-04-22 10:30:00,2026-04-22,09:00,2026-04-22,10:30,01:30,Reading and Translation,01:52,10:52,2026-04-22 10:52:30,02:15,11:15,2026-04-22 11:15:00
Spanish,Advanced Higher,Spanish - Advanced Higher,2026-04-22 11:00:00,2026-04-22 12:20:00,2026-04-22,11:00,2026-04-22,12:20,01:20,Listening and Discursive Writing,01:40,12:40,2026-04-22 12:40:00,02:00,13:00,2026-04-22 13:00:00
Spanish,National 5,Spanish - National 5,2026-04-22 13:00:00,2026-04-22 14:30:00,2026-04-22,13:00,2026-04-22,14:30,01:30,Reading and Writing,01:52,14:52,2026-04-22 14:52:30,02:15,15:15,2026-04-22 15:15:00
Spanish,National 5,Spanish - National 5,2026-04-22 15:00:00,2026-04-22 15:30:00,2026-04-22,15:00,2026-04-22,15:30,00:30,Listening,00:37,15:37,2026-04-22 15:37:30,00:45,15:45,2026-04-22 15:45:00
Environmental Science,Higher,Environmental Science - Higher,2026-04-22 12:45:00,2026-04-22 13:30:00,2026-04-22,12:45,2026-04-22,13:30,00:45,Paper 1,00:56,13:41,2026-04-22 13:41:15,01:07,13:52,2026-04-22 13:52:30
Environmental Science,Higher,Environmental Science - Higher,2026-04-22 14:00:00,2026-04-22 16:30:00,2026-04-22,14:00,2026-04-22,16:30,02:30,Paper 2,03:07,17:07,2026-04-22 17:07:30,03:45,17:45,2026-04-22 17:45:00
Geography,Higher,Geography - Higher,2026-04-23 09:00:00,2026-04-23 10:50:00,2026-04-23,09:00,2026-04-23,10:50,01:50,Physical and Human Environments,02:17,11:17,2026-04-23 11:17:30,02:45,11:45,2026-04-23 11:45:00
Cruinn-eòlas,Àrd Ìre,Cruinn-eòlas - Àrd Ìre,2026-04-23 09:00:00,2026-04-23 11:10:00,2026-04-23,09:00,2026-04-23,11:10,02:10,Àrainneachdan Fiosaigeach agus Daonna,02:42,11:42,2026-04-23 11:42:30,03:15,12:15,2026-04-23 12:15:00
Geography,Higher,Geography - Higher,2026-04-23 11:20:00,2026-04-23 12:30:00,2026-04-23,11:20,2026-04-23,12:30,01:10,Global Issues and Geographical Skills,01:27,12:47,2026-04-23 12:47:30,01:45,13:05,2026-04-23 13:05:00
Cruinn-eòlas,Àrd Ìre,Cruinn-eòlas - Àrd Ìre,2026-04-23 11:40:00,2026-04-23 13:10:00,2026-04-23,11:40,2026-04-23,13:10,01:30,Cùisean Cruinneil agus Sgilean Cruinn-eòlais,01:52,13:32,2026-04-23 13:32:30,02:15,13:55,2026-04-23 13:55:00
Geography,Advanced Higher,Geography - Advanced Higher,2026-04-23 09:00:00,2026-04-23 11:30:00,2026-04-23,09:00,2026-04-23,11:30,02:30,,03:07,12:07,2026-04-23 12:07:30,03:45,12:45,2026-04-23 12:45:00
Cruinn-eòlas,Àrd Ìre Adhartach,Cruinn-eòlas - Àrd Ìre Adhartach,2026-04-23 09:00:00,2026-04-23 11:30:00,2026-04-23,09:00,2026-04-23,11:30,02:30,,03:07,12:07,2026-04-23 12:07:30,03:45,12:45,2026-04-23 12:45:00
Geography,National 5,Geography - National 5,2026-04-23 13:00:00,2026-04-23 15:20:00,2026-04-23,13:00,2026-04-23,15:20,02:20,,02:55,15:55,2026-04-23 15:55:00,03:30,16:30,2026-04-23 16:30:00
Cruinn-eòlas,Nàiseanta 5,Cruinn-eòlas - Nàiseanta 5,2026-04-23 13:00:00,2026-04-23 15:40:00,2026-04-23,13:00,2026-04-23,15:40,02:40,,03:20,16:20,2026-04-23 16:20:00,04:00,17:00,2026-04-23 17:00:00
Business Management,National 5,Business Management - National 5,2026-04-24 09:00:00,2026-04-24 11:00:00,2026-04-24,09:00,2026-04-24,11:00,02:00,,02:30,11:30,2026-04-24 11:30:00,03:00,12:00,2026-04-24 12:00:00
Business Management,Higher,Business Management - Higher,2026-04-24 09:00:00,2026-04-24 11:45:00,2026-04-24,09:00,2026-04-24,11:45,02:45,,03:26,12:26,2026-04-24 12:26:15,04:07,13:07,2026-04-24 13:07:30
Business Management,Advanced Higher,Business Management - Advanced Higher,2026-04-24 09:00:00,2026-04-24 11:45:00,2026-04-24,09:00,2026-04-24,11:45,02:45,,03:26,12:26,2026-04-24 12:26:15,04:07,13:07,2026-04-24 13:07:30
Engineering Science,National 5,Engineering Science - National 5,2026-04-24 13:00:00,2026-04-24 14:50:00,2026-04-24,13:00,2026-04-24,14:50,01:50,,02:17,15:17,2026-04-24 15:17:30,02:45,15:45,2026-04-24 15:45:00
Engineering Science,Higher,Engineering Science - Higher,2026-04-24 13:00:00,2026-04-24 15:30:00,2026-04-24,13:00,2026-04-24,15:30,02:30,,03:07,16:07,2026-04-24 16:07:30,03:45,16:45,2026-04-24 16:45:00
Engineering Science,Advanced Higher,Engineering Science - Advanced Higher,2026-04-24 13:00:00,2026-04-24 15:30:00,2026-04-24,13:00,2026-04-24,15:30,02:30,,03:07,16:07,2026-04-24 16:07:30,03:45,16:45,2026-04-24 16:45:00
Urdu,National 5,Urdu - National 5,2026-04-27 09:00:00,2026-04-27 10:30:00,2026-04-27,09:00,2026-04-27,10:30,01:30,Reading and Writing,01:52,10:52,2026-04-27 10:52:30,02:15,11:15,2026-04-27 11:15:00
Urdu,National 5,Urdu - National 5,2026-04-27 11:00:00,2026-04-27 11:30:00,2026-04-27,11:00,2026-04-27,11:30,00:30,Listening,00:37,11:37,2026-04-27 11:37:30,00:45,11:45,2026-04-27 11:45:00
Music,Advanced Higher,Music - Advanced Higher,2026-04-27 09:00:00,2026-04-27 10:15:00,2026-04-27,09:00,2026-04-27,10:15,01:15,,01:33,10:33,2026-04-27 10:33:45,01:52,10:52,2026-04-27 10:52:30
Music: Portfolio,Advanced Higher,Music: Portfolio - Advanced Higher,2026-04-27 09:00:00,2026-04-27 10:15:00,2026-04-27,09:00,2026-04-27,10:15,01:15,,01:33,10:33,2026-04-27 10:33:45,01:52,10:52,2026-04-27 10:52:30
Music,National 5,Music - National 5,2026-04-27 13:00:00,2026-04-27 13:45:00,2026-04-27,13:00,2026-04-27,13:45,00:45,,00:56,13:56,2026-04-27 13:56:15,01:07,14:07,2026-04-27 14:07:30
Music,Higher,Music - Higher,2026-04-27 13:00:00,2026-04-27 14:00:00,2026-04-27,13:00,2026-04-27,14:00,01:00,,01:15,14:15,2026-04-27 14:15:00,01:30,14:30,2026-04-27 14:30:00
Urdu,Higher,Urdu - Higher,2026-04-27 13:00:00,2026-04-27 15:00:00,2026-04-27,13:00,2026-04-27,15:00,02:00,Reading and Directed Writing,02:30,15:30,2026-04-27 15:30:00,03:00,16:00,2026-04-27 16:00:00
Urdu,Higher,Urdu - Higher,2026-04-27 15:30:00,2026-04-27 16:00:00,2026-04-27,15:30,2026-04-27,16:00,00:30,Listening,00:37,16:07,2026-04-27 16:07:30,00:45,16:15,2026-04-27 16:15:00
Biology,Higher,Biology - Higher,2026-04-28 09:00:00,2026-04-28 09:40:00,2026-04-28,09:00,2026-04-28,09:40,00:40,Paper 1 Multiple Choice,00:50,09:50,2026-04-28 09:50:00,01:00,10:00,2026-04-28 10:00:00
Biology,Higher,Biology - Higher,2026-04-28 10:10:00,2026-04-28 12:30:00,2026-04-28,10:10,2026-04-28,12:30,02:20,Paper 2,02:55,13:05,2026-04-28 13:05:00,03:30,13:40,2026-04-28 13:40:00
Human Biology,Higher,Human Biology - Higher,2026-04-28 09:00:00,2026-04-28 09:40:00,2026-04-28,09:00,2026-04-28,09:40,00:40,Paper 1 Multiple Choice,00:50,09:50,2026-04-28 09:50:00,01:00,10:00,2026-04-28 10:00:00
Human Biology,Higher,Human Biology - Higher,2026-04-28 10:10:00,2026-04-28 12:30:00,2026-04-28,10:10,2026-04-28,12:30,02:20,Paper 2,02:55,13:05,2026-04-28 13:05:00,03:30,13:40,2026-04-28 13:40:00
Biology,Advanced Higher,Biology - Advanced Higher,2026-04-28 09:00:00,2026-04-28 12:00:00,2026-04-28,09:00,2026-04-28,12:00,03:00,,03:45,12:45,2026-04-28 12:45:00,04:30,13:30,2026-04-28 13:30:00
Biology,National 5,Biology - National 5,2026-04-28 13:00:00,2026-04-28 15:30:00,2026-04-28,13:00,2026-04-28,15:30,02:30,,03:07,16:07,2026-04-28 16:07:30,03:45,16:45,2026-04-28 16:45:00
Economics,National 5,Economics - National 5,2026-04-29 09:00:00,2026-04-29 11:00:00,2026-04-29,09:00,2026-04-29,11:00,02:00,,02:30,11:30,2026-04-29 11:30:00,03:00,12:00,2026-04-29 12:00:00
Gàidhlig,Nàiseanta 5,Gàidhlig - Nàiseanta 5,2026-04-29 09:00:00,2026-04-29 10:40:00,2026-04-29,09:00,2026-04-29,10:40,01:40,Leughadh agus Litreachas,02:05,11:05,2026-04-29 11:05:00,02:30,11:30,2026-04-29 11:30:00
Gàidhlig,Nàiseanta 5,Gàidhlig - Nàiseanta 5,2026-04-29 11:10:00,2026-04-29 11:35:00,2026-04-29,11:10,2026-04-29,11:35,00:25,Èisteachd,00:31,11:41,2026-04-29 11:41:15,00:37,11:47,2026-04-29 11:47:30
Photography,Higher,Photography - Higher,2026-04-29 09:00:00,2026-04-29 10:00:00,2026-04-29,09:00,2026-04-29,10:00,01:00,,01:15,10:15,2026-04-29 10:15:00,01:30,10:30,2026-04-29 10:30:00
Economics,Advanced Higher,Economics - Advanced Higher,2026-04-29 09:00:00,2026-04-29 11:30:00,2026-04-29,09:00,2026-04-29,11:30,02:30,,03:07,12:07,2026-04-29 12:07:30,03:45,12:45,2026-04-29 12:45:00
Media,National 5,Media - National 5,2026-04-29 12:30:00,2026-04-29 14:30:00,2026-04-29,12:30,2026-04-29,14:30,02:00,,02:30,15:00,2026-04-29 15:00:00,03:00,15:30,2026-04-29 15:30:00
Economics,Higher,Economics - Higher,2026-04-29 12:30:00,2026-04-29 15:00:00,2026-04-29,12:30,2026-04-29,15:00,02:30,,03:07,15:37,2026-04-29 15:37:30,03:45,16:15,2026-04-29 16:15:00
Gàidhlig,Àrd Ìre,Gàidhlig - Àrd Ìre,2026-04-29 12:30:00,2026-04-29 14:20:00,2026-04-29,12:30,2026-04-29,14:20,01:50,Leughadh agus Litreachas,02:17,14:47,2026-04-29 14:47:30,02:45,15:15,2026-04-29 15:15:00
Gàidhlig,Àrd Ìre,Gàidhlig - Àrd Ìre,2026-04-29 14:50:00,2026-04-29 15:30:00,2026-04-29,14:50,2026-04-29,15:30,00:40,Èisteachd,00:50,15:40,2026-04-29 15:40:00,01:00,15:50,2026-04-29 15:50:00
Media,Higher,Media - Higher,2026-04-29 12:30:00,2026-04-29 14:15:00,2026-04-29,12:30,2026-04-29,14:15,01:45,Analysis of Media Content,02:11,14:41,2026-04-29 14:41:15,02:37,15:07,2026-04-29 15:07:30
Media,Higher,Media - Higher,2026-04-29 14:45:00,2026-04-29 15:45:00,2026-04-29,14:45,2026-04-29,15:45,01:00,The Role of Media,01:15,16:00,2026-04-29 16:00:00,01:30,16:15,2026-04-29 16:15:00
English,National 5,English - National 5,2026-04-30 09:00:00,2026-04-30 10:00:00,2026-04-30,09:00,2026-04-30,10:00,01:00,"Reading for Understanding, Analysis and Evaluation",01:15,10:15,2026-04-30 10:15:00,01:30,10:30,2026-04-30 10:30:00
English,National 5,English - National 5,2026-04-30 10:30:00,2026-04-30 12:00:00,2026-04-30,10:30,2026-04-30,12:00,01:30,Critical Reading,01:52,12:22,2026-04-30 12:22:30,02:15,12:45,2026-04-30 12:45:00
English,Advanced Higher,English - Advanced Higher,2026-04-30 13:00:00,2026-04-30 14:30:00,2026-04-30,13:00,2026-04-30,14:30,01:30,Literary Study,01:52,14:52,2026-04-30 14:52:30,02:15,15:15,2026-04-30 15:15:00
English,Advanced Higher,English - Advanced Higher,2026-04-30 15:00:00,2026-04-30 16:30:00,2026-04-30,15:00,2026-04-30,16:30,01:30,Textual Analysis,01:52,16:52,2026-04-30 16:52:30,02:15,17:15,2026-04-30 17:15:00
English,Higher,English - Higher,2026-05-01 09:00:00,2026-05-01 10:30:00,2026-05-01,09:00,2026-05-01,10:30,01:30,"Reading for Understanding, Analysis and Evaluation",01:52,10:52,2026-05-01 10:52:30,02:15,11:15,2026-05-01 11:15:00
English,Higher,English - Higher,2026-05-01 11:00:00,2026-05-01 12:45:00,2026-05-01,11:00,2026-05-01,12:45,01:45,Critical Reading,02:11,13:11,2026-05-01 13:11:15,02:37,13:37,2026-05-01 13:37:30
Health and Food Technology,National 5,Health and Food Technology - National 5,2026-05-01 13:30:00,2026-05-01 15:20:00,2026-05-01,13:30,2026-05-01,15:20,01:50,,02:17,15:47,2026-05-01 15:47:30,02:45,16:15,2026-05-01 16:15:00
Health and Food Technology,Higher,Health and Food Technology - Higher,2026-05-01 13:30:00,2026-05-01 15:30:00,2026-05-01,13:30,2026-05-01,15:30,02:00,,02:30,16:00,2026-05-01 16:00:00,03:00,16:30,2026-05-01 16:30:00
Health and Food Technology,Advanced Higher,Health and Food Technology - Advanced Higher,2026-05-01 13:30:00,2026-05-01 16:00:00,2026-05-01,13:30,2026-05-01,16:00,02:30,,03:07,16:37,2026-05-01 16:37:30,03:45,17:15,2026-05-01 17:15:00
Drama,National 5,Drama - National 5,2026-05-05 09:00:00,2026-05-05 10:30:00,2026-05-05,09:00,2026-05-05,10:30,01:30,,01:52,10:52,2026-05-05 10:52:30,02:15,11:15,2026-05-05 11:15:00
Drama,Higher,Drama - Higher,2026-05-05 09:00:00,2026-05-05 11:00:00,2026-05-05,09:00,2026-05-05,11:00,02:00,,02:30,11:30,2026-05-05 11:30:00,03:00,12:00,2026-05-05 12:00:00
Gàidhlig,Àrd Ìre Adhartach,Gàidhlig - Àrd Ìre Adhartach,2026-05-05 09:00:00,2026-05-05 10:30:00,2026-05-05,09:00,2026-05-05,10:30,01:30,Sgrùdadh,01:52,10:52,2026-05-05 10:52:30,02:15,11:15,2026-05-05 11:15:00
Gàidhlig,Àrd Ìre Adhartach,Gàidhlig - Àrd Ìre Adhartach,2026-05-05 11:00:00,2026-05-05 12:40:00,2026-05-05,11:00,2026-05-05,12:40,01:40,Litreachas agus Sgrìobhadh,02:05,13:05,2026-05-05 13:05:00,02:30,13:30,2026-05-05 13:30:00
Administration and IT,National 5,Administration and IT - National 5,2026-05-05 13:00:00,2026-05-05 15:00:00,2026-05-05,13:00,2026-05-05,15:00,02:00,,02:30,15:30,2026-05-05 15:30:00,03:00,16:00,2026-05-05 16:00:00
Administration and IT,Higher,Administration and IT - Higher,2026-05-05 13:00:00,2026-05-05 14:30:00,2026-05-05,13:00,2026-05-05,14:30,01:30,,01:52,14:52,2026-05-05 14:52:30,02:15,15:15,2026-05-05 15:15:00
Gàidhlig,Àrd Ìre Adhartach,Gàidhlig - Àrd Ìre Adhartach,2026-05-05 13:30:00,2026-05-05 14:00:00,2026-05-05,13:30,2026-05-05,14:00,00:30,Eadar-theangachadh,00:37,14:07,2026-05-05 14:07:30,00:45,14:15,2026-05-05 14:15:00
Dance,National 5,Dance - National 5,2026-05-06 09:00:00,2026-05-06 10:00:00,2026-05-06,09:00,2026-05-06,10:00,01:00,,01:15,10:15,2026-05-06 10:15:00,01:30,10:30,2026-05-06 10:30:00
Dance,Higher,Dance - Higher,2026-05-06 09:00:00,2026-05-06 11:00:00,2026-05-06,09:00,2026-05-06,11:00,02:00,,02:30,11:30,2026-05-06 11:30:00,03:00,12:00,2026-05-06 12:00:00
French,Higher,French - Higher,2026-05-06 09:00:00,2026-05-06 11:00:00,2026-05-06,09:00,2026-05-06,11:00,02:00,Reading and Directed Writing,02:30,11:30,2026-05-06 11:30:00,03:00,12:00,2026-05-06 12:00:00
French,Higher,French - Higher,2026-05-06 11:30:00,2026-05-06 12:00:00,2026-05-06,11:30,2026-05-06,12:00,00:30,Listening,00:37,12:07,2026-05-06 12:07:30,00:45,12:15,2026-05-06 12:15:00
French,Advanced Higher,French - Advanced Higher,2026-05-06 09:00:00,2026-05-06 10:30:00,2026-05-06,09:00,2026-05-06,10:30,01:30,Reading and Translation,01:52,10:52,2026-05-06 10:52:30,02:15,11:15,2026-05-06 11:15:00
French,Advanced Higher,French - Advanced Higher,2026-05-06 11:00:00,2026-05-06 12:20:00,2026-05-06,11:00,2026-05-06,12:20,01:20,Listening and Discursive Writing,01:40,12:40,2026-05-06 12:40:00,02:00,13:00,2026-05-06 13:00:00
French,National 5,French - National 5,2026-05-06 13:00:00,2026-05-06 14:30:00,2026-05-06,13:00,2026-05-06,14:30,01:30,Reading and Writing,01:52,14:52,2026-05-06 14:52:30,02:15,15:15,2026-05-06 15:15:00
French,National 5,French - National 5,2026-05-06 15:00:00,2026-05-06 15:30:00,2026-05-06,15:00,2026-05-06,15:30,00:30,Listening,00:37,15:37,2026-05-06 15:37:30,00:45,15:45,2026-05-06 15:45:00
Mathematics,Higher,Mathematics - Higher,2026-05-07 09:00:00,2026-05-07 10:15:00,2026-05-07,09:00,2026-05-07,10:15,01:15,Paper 1 Non-calculator,01:33,10:33,2026-05-07 10:33:45,01:52,10:52,2026-05-07 10:52:30
Mathematics,Higher,Mathematics - Higher,2026-05-07 10:45:00,2026-05-07 12:15:00,2026-05-07,10:45,2026-05-07,12:15,01:30,Paper 2,01:52,12:37,2026-05-07 12:37:30,02:15,13:00,2026-05-07 13:00:00
Matamataig,Àrd Ìre,Matamataig - Àrd Ìre,2026-05-07 09:00:00,2026-05-07 10:15:00,2026-05-07,09:00,2026-05-07,10:15,01:15,Paipear 1 Gun àireamhair,01:33,10:33,2026-05-07 10:33:45,01:52,10:52,2026-05-07 10:52:30
Matamataig,Àrd Ìre,Matamataig - Àrd Ìre,2026-05-07 10:45:00,2026-05-07 12:15:00,2026-05-07,10:45,2026-05-07,12:15,01:30,Paipear 2,01:52,12:37,2026-05-07 12:37:30,02:15,13:00,2026-05-07 13:00:00
Mathematics,Advanced Higher,Mathematics - Advanced Higher,2026-05-07 09:00:00,2026-05-07 10:00:00,2026-05-07,09:00,2026-05-07,10:00,01:00,Paper 1 Non-calculator,01:15,10:15,2026-05-07 10:15:00,01:30,10:30,2026-05-07 10:30:00
Mathematics,Advanced Higher,Mathematics - Advanced Higher,2026-05-07 10:30:00,2026-05-07 13:00:00,2026-05-07,10:30,2026-05-07,13:00,02:30,Paper 2,03:07,13:37,2026-05-07 13:37:30,03:45,14:15,2026-05-07 14:15:00
Matamataig,Àrd Ìre Adhartach,Matamataig - Àrd Ìre Adhartach,2026-05-07 09:00:00,2026-05-07 10:00:00,2026-05-07,09:00,2026-05-07,10:00,01:00,Paipear 1 Gun àireamhair,01:15,10:15,2026-05-07 10:15:00,01:30,10:30,2026-05-07 10:30:00
Matamataig,Àrd Ìre Adhartach,Matamataig - Àrd Ìre Adhartach,2026-05-07 10:30:00,2026-05-07 13:00:00,2026-05-07,10:30,2026-05-07,13:00,02:30,Paipear 2,03:07,13:37,2026-05-07 13:37:30,03:45,14:15,2026-05-07 14:15:00
Practical Electronics,National 5,Practical Electronics - National 5,2026-05-07 13:30:00,2026-05-07 14:30:00,2026-05-07,13:30,2026-05-07,14:30,01:00,,01:15,14:45,2026-05-07 14:45:00,01:30,15:00,2026-05-07 15:00:00
Mathematics,National 5,Mathematics - National 5,2026-05-08 09:00:00,2026-05-08 10:00:00,2026-05-08,09:00,2026-05-08,10:00,01:00,Paper 1 Non-calculator,01:15,10:15,2026-05-08 10:15:00,01:30,10:30,2026-05-08 10:30:00
Mathematics,National 5,Mathematics - National 5,2026-05-08 10:30:00,2026-05-08 12:00:00,2026-05-08,10:30,2026-05-08,12:00,01:30,Paper 2,01:52,12:22,2026-05-08 12:22:30,02:15,12:45,2026-05-08 12:45:00
Matamataig,Nàiseanta 5,Matamataig - Nàiseanta 5,2026-05-08 09:00:00,2026-05-08 10:00:00,2026-05-08,09:00,2026-05-08,10:00,01:00,Paipear 1 Gun àireamhair,01:15,10:15,2026-05-08 10:15:00,01:30,10:30,2026-05-08 10:30:00
Matamataig,Nàiseanta 5,Matamataig - Nàiseanta 5,2026-05-08 10:30:00,2026-05-08 12:00:00,2026-05-08,10:30,2026-05-08,12:00,01:30,Paipear 2,01:52,12:22,2026-05-08 12:22:30,02:15,12:45,2026-05-08 12:45:00
Music Technology,National 5,Music Technology - National 5,2026-05-08 13:00:00,2026-05-08 14:00:00,2026-05-08,13:00,2026-05-08,14:00,01:00,,01:15,14:15,2026-05-08 14:15:00,01:30,14:30,2026-05-08 14:30:00
Music Technology,Higher,Music Technology - Higher,2026-05-08 14:30:00,2026-05-08 15:30:00,2026-05-08,14:30,2026-05-08,15:30,01:00,,01:15,15:45,2026-05-08 15:45:00,01:30,16:00,2026-05-08 16:00:00
"Religious, Moral and Philosophical Studies",National 5,"Religious, Moral and Philosophical Studies - National 5",2026-05-11 09:00:00,2026-05-11 11:20:00,2026-05-11,09:00,2026-05-11,11:20,02:20,,02:55,11:55,2026-05-11 11:55:00,03:30,12:30,2026-05-11 12:30:00
"Religious, Moral and Philosophical Studies",Higher,"Religious, Moral and Philosophical Studies - Higher",2026-05-11 09:00:00,2026-05-11 11:15:00,2026-05-11,09:00,2026-05-11,11:15,02:15,"World Religion, Morality and Belief",02:48,11:48,2026-05-11 11:48:45,03:22,12:22,2026-05-11 12:22:30
"Religious, Moral and Philosophical Studies",Higher,"Religious, Moral and Philosophical Studies - Higher",2026-05-11 11:45:00,2026-05-11 12:30:00,2026-05-11,11:45,2026-05-11,12:30,00:45,Religious and Philosophical Questions,00:56,12:41,2026-05-11 12:41:15,01:07,12:52,2026-05-11 12:52:30
"Religious, Moral and Philosophical Studies",Advanced Higher,"Religious, Moral and Philosophical Studies - Advanced Higher",2026-05-11 09:00:00,2026-05-11 12:00:00,2026-05-11,09:00,2026-05-11,12:00,03:00,,03:45,12:45,2026-05-11 12:45:00,04:30,13:30,2026-05-11 13:30:00
Graphic Communication,National 5,Graphic Communication - National 5,2026-05-11 13:00:00,2026-05-11 15:00:00,2026-05-11,13:00,2026-05-11,15:00,02:00,,02:30,15:30,2026-05-11 15:30:00,03:00,16:00,2026-05-11 16:00:00
Graphic Communication,Higher,Graphic Communication - Higher,2026-05-11 13:00:00,2026-05-11 15:30:00,2026-05-11,13:00,2026-05-11,15:30,02:30,,03:07,16:07,2026-05-11 16:07:30,03:45,16:45,2026-05-11 16:45:00
Graphic Communication,Advanced Higher,Graphic Communication - Advanced Higher,2026-05-11 13:00:00,2026-05-11 15:30:00,2026-05-11,13:00,2026-05-11,15:30,02:30,,03:07,16:07,2026-05-11 16:07:30,03:45,16:45,2026-05-11 16:45:00
Chemistry,Higher,Chemistry - Higher,2026-05-12 09:00:00,2026-05-12 09:40:00,2026-05-12,09:00,2026-05-12,09:40,00:40,Paper 1 Multiple Choice,00:50,09:50,2026-05-12 09:50:00,01:00,10:00,2026-05-12 10:00:00
Chemistry,Higher,Chemistry - Higher,2026-05-12 10:10:00,2026-05-12 12:30:00,2026-05-12,10:10,2026-05-12,12:30,02:20,Paper 2,02:55,13:05,2026-05-12 13:05:00,03:30,13:40,2026-05-12 13:40:00
Chemistry,Advanced Higher,Chemistry - Advanced Higher,2026-05-12 09:00:00,2026-05-12 12:00:00,2026-05-12,09:00,2026-05-12,12:00,03:00,,03:45,12:45,2026-05-12 12:45:00,04:30,13:30,2026-05-12 13:30:00
Chemistry,National 5,Chemistry - National 5,2026-05-12 13:00:00,2026-05-12 15:30:00,2026-05-12,13:00,2026-05-12,15:30,02:30,,03:07,16:07,2026-05-12 16:07:30,03:45,16:45,2026-05-12 16:45:00
English for Speakers of Other Languages,Higher,English for Speakers of Other Languages - Higher,2026-05-13 09:00:00,2026-05-13 10:10:00,2026-05-13,09:00,2026-05-13,10:10,01:10,Reading,01:27,10:27,2026-05-13 10:27:30,01:45,10:45,2026-05-13 10:45:00
English for Speakers of Other Languages,Higher,English for Speakers of Other Languages - Higher,2026-05-13 10:40:00,2026-05-13 12:20:00,2026-05-13,10:40,2026-05-13,12:20,01:40,Writing,02:05,12:45,2026-05-13 12:45:00,02:30,13:10,2026-05-13 13:10:00
Design and Manufacture,National 5,Design and Manufacture - National 5,2026-05-13 13:00:00,2026-05-13 14:45:00,2026-05-13,13:00,2026-05-13,14:45,01:45,,02:11,15:11,2026-05-13 15:11:15,02:37,15:37,2026-05-13 15:37:30
Design and Manufacture,Higher,Design and Manufacture - Higher,2026-05-13 13:00:00,2026-05-13 15:15:00,2026-05-13,13:00,2026-05-13,15:15,02:15,,02:48,15:48,2026-05-13 15:48:45,03:22,16:22,2026-05-13 16:22:30
English for Speakers of Other Languages,Higher,English for Speakers of Other Languages - Higher,2026-05-13 13:00:00,2026-05-13 13:45:00,2026-05-13,13:00,2026-05-13,13:45,00:45,Listening,00:56,13:56,2026-05-13 13:56:15,01:07,14:07,2026-05-13 14:07:30
Design and Manufacture,Advanced Higher,Design and Manufacture - Advanced Higher,2026-05-13 13:00:00,2026-05-13 15:15:00,2026-05-13,13:00,2026-05-13,15:15,02:15,,02:48,15:48,2026-05-13 15:48:45,03:22,16:22,2026-05-13 16:22:30
History,Higher,History - Higher,2026-05-14 09:00:00,2026-05-14 10:30:00,2026-05-14,09:00,2026-05-14,10:30,01:30,"British, European and World History",01:52,10:52,2026-05-14 10:52:30,02:15,11:15,2026-05-14 11:15:00
Eachdraidh,Àrd Ìre,Eachdraidh - Àrd Ìre,2026-05-14 09:00:00,2026-05-14 10:50:00,2026-05-14,09:00,2026-05-14,10:50,01:50,"Eachdraidh Bhreatannach, Eòrpach agus An t-Saoghail",02:17,11:17,2026-05-14 11:17:30,02:45,11:45,2026-05-14 11:45:00
History,Higher,History - Higher,2026-05-14 11:00:00,2026-05-14 12:30:00,2026-05-14,11:00,2026-05-14,12:30,01:30,Scottish History,01:52,12:52,2026-05-14 12:52:30,02:15,13:15,2026-05-14 13:15:00
Eachdraidh,Àrd Ìre,Eachdraidh - Àrd Ìre,2026-05-14 11:20:00,2026-05-14 13:10:00,2026-05-14,11:20,2026-05-14,13:10,01:50,Eachdraidh Albannach,02:17,13:37,2026-05-14 13:37:30,02:45,14:05,2026-05-14 14:05:00
History,Advanced Higher,History - Advanced Higher,2026-05-14 09:00:00,2026-05-14 12:00:00,2026-05-14,09:00,2026-05-14,12:00,03:00,,03:45,12:45,2026-05-14 12:45:00,04:30,13:30,2026-05-14 13:30:00
Eachdraidh,Àrd Ìre Adhartach,Eachdraidh - Àrd Ìre Adhartach,2026-05-14 09:00:00,2026-05-14 12:00:00,2026-05-14,09:00,2026-05-14,12:00,03:00,,03:45,12:45,2026-05-14 12:45:00,04:30,13:30,2026-05-14 13:30:00
History,National 5,History - National 5,2026-05-14 13:00:00,2026-05-14 15:20:00,2026-05-14,13:00,2026-05-14,15:20,02:20,,02:55,15:55,2026-05-14 15:55:00,03:30,16:30,2026-05-14 16:30:00
Eachdraidh,Nàiseanta 5,Eachdraidh - Nàiseanta 5,2026-05-14 13:00:00,2026-05-14 15:40:00,2026-05-14,13:00,2026-05-14,15:40,02:40,,03:20,16:20,2026-05-14 16:20:00,04:00,17:00,2026-05-14 17:00:00
Applications of Mathematics,National 5,Applications of Mathematics - National 5,2026-05-15 09:00:00,2026-05-15 09:50:00,2026-05-15,09:00,2026-05-15,09:50,00:50,Paper 1 Non-calculator,01:02,10:02,2026-05-15 10:02:30,01:15,10:15,2026-05-15 10:15:00
Applications of Mathematics,National 5,Applications of Mathematics - National 5,2026-05-15 10:30:00,2026-05-15 12:10:00,2026-05-15,10:30,2026-05-15,12:10,01:40,Paper 2,02:05,12:35,2026-05-15 12:35:00,02:30,13:00,2026-05-15 13:00:00
Gnìomhachas Matamataigs,Nàiseanta 5,Gnìomhachas Matamataigs - Nàiseanta 5,2026-05-15 09:00:00,2026-05-15 10:00:00,2026-05-15,09:00,2026-05-15,10:00,01:00,Paipear 1 Gun àireamhair,01:15,10:15,2026-05-15 10:15:00,01:30,10:30,2026-05-15 10:30:00
Gnìomhachas Matamataigs,Nàiseanta 5,Gnìomhachas Matamataigs - Nàiseanta 5,2026-05-15 10:30:00,2026-05-15 12:20:00,2026-05-15,10:30,2026-05-15,12:20,01:50,Paipear 2,02:17,12:47,2026-05-15 12:47:30,02:45,13:15,2026-05-15 13:15:00
Applications of Mathematics,Higher,Applications of Mathematics - Higher,2026-05-15 13:00:00,2026-05-15 15:05:00,2026-05-15,13:00,2026-05-15,15:05,02:05,,02:36,15:36,2026-05-15 15:36:15,03:07,16:07,2026-05-15 16:07:30
Gnìomhachas Matamataigs,Àrd Ìre,Gnìomhachas Matamataigs - Àrd Ìre,2026-05-15 13:00:00,2026-05-15 15:20:00,2026-05-15,13:00,2026-05-15,15:20,02:20,,02:55,15:55,2026-05-15 15:55:00,03:30,16:30,2026-05-15 16:30:00
German,Higher,German - Higher,2026-05-18 09:00:00,2026-05-18 11:00:00,2026-05-18,09:00,2026-05-18,11:00,02:00,Reading and Directed Writing,02:30,11:30,2026-05-18 11:30:00,03:00,12:00,2026-05-18 12:00:00
German,Higher,German - Higher,2026-05-18 11:30:00,2026-05-18 12:00:00,2026-05-18,11:30,2026-05-18,12:00,00:30,Listening,00:37,12:07,2026-05-18 12:07:30,00:45,12:15,2026-05-18 12:15:00
German,Advanced Higher,German - Advanced Higher,2026-05-18 09:00:00,2026-05-18 10:30:00,2026-05-18,09:00,2026-05-18,10:30,01:30,Reading and Translation,01:52,10:52,2026-05-18 10:52:30,02:15,11:15,2026-05-18 11:15:00
German,Advanced Higher,German - Advanced Higher,2026-05-18 11:00:00,2026-05-18 12:20:00,2026-05-18,11:00,2026-05-18,12:20,01:20,Listening and Discursive Writing,01:40,12:40,2026-05-18 12:40:00,02:00,13:00,2026-05-18 13:00:00
German,National 5,German - National 5,2026-05-18 13:00:00,2026-05-18 14:30:00,2026-05-18,13:00,2026-05-18,14:30,01:30,Reading and Writing,01:52,14:52,2026-05-18 14:52:30,02:15,15:15,2026-05-18 15:15:00
German,National 5,German - National 5,2026-05-18 15:00:00,2026-05-18 15:30:00,2026-05-18,15:00,2026-05-18,15:30,00:30,Listening,00:37,15:37,2026-05-18 15:37:30,00:45,15:45,2026-05-18 15:45:00
Physical Education,Higher,Physical Education - Higher,2026-05-18 13:00:00,2026-05-18 15:30:00,2026-05-18,13:00,2026-05-18,15:30,02:30,,03:07,16:07,2026-05-18 16:07:30,03:45,16:45,2026-05-18 16:45:00
Modern Studies,Higher,Modern Studies - Higher,2026-05-19 09:00:00,2026-05-19 10:45:00,2026-05-19,09:00,2026-05-19,10:45,01:45,Paper 1,02:11,11:11,2026-05-19 11:11:15,02:37,11:37,2026-05-19 11:37:30
Nuadh-eòlas,Àrd Ìre,Nuadh-eòlas - Àrd Ìre,2026-05-19 09:00:00,2026-05-19 11:05:00,2026-05-19,09:00,2026-05-19,11:05,02:05,Paipear 1,02:36,11:36,2026-05-19 11:36:15,03:07,12:07,2026-05-19 12:07:30
Modern Studies,Higher,Modern Studies - Higher,2026-05-19 11:15:00,2026-05-19 12:30:00,2026-05-19,11:15,2026-05-19,12:30,01:15,Paper 2,01:33,12:48,2026-05-19 12:48:45,01:52,13:07,2026-05-19 13:07:30
Nuadh-eòlas,Àrd Ìre,Nuadh-eòlas - Àrd Ìre,2026-05-19 11:35:00,2026-05-19 13:10:00,2026-05-19,11:35,2026-05-19,13:10,01:35,Paipear 2,01:58,13:33,2026-05-19 13:33:45,02:22,13:57,2026-05-19 13:57:30
Modern Studies,Advanced Higher,Modern Studies - Advanced Higher,2026-05-19 09:00:00,2026-05-19 12:00:00,2026-05-19,09:00,2026-05-19,12:00,03:00,,03:45,12:45,2026-05-19 12:45:00,04:30,13:30,2026-05-19 13:30:00
Nuadh-eòlas,Àrd Ìre Adhartach,Nuadh-eòlas - Àrd Ìre Adhartach,2026-05-19 09:00:00,2026-05-19 12:00:00,2026-05-19,09:00,2026-05-19,12:00,03:00,,03:45,12:45,2026-05-19 12:45:00,04:30,13:30,2026-05-19 13:30:00
Modern Studies,National 5,Modern Studies - National 5,2026-05-19 13:00:00,2026-05-19 15:20:00,2026-05-19,13:00,2026-05-19,15:20,02:20,,02:55,15:55,2026-05-19 15:55:00,03:30,16:30,2026-05-19 16:30:00
Nuadh-eòlas,Nàiseanta 5,Nuadh-eòlas - Nàiseanta 5,2026-05-19 13:00:00,2026-05-19 15:40:00,2026-05-19,13:00,2026-05-19,15:40,02:40,,03:20,16:20,2026-05-19 16:20:00,04:00,17:00,2026-05-19 17:00:00
Computing Science,National 5,Computing Science - National 5,2026-05-20 09:00:00,2026-05-20 10:30:00,2026-05-20,09:00,2026-05-20,10:30,01:30,,01:52,10:52,2026-05-20 10:52:30,02:15,11:15,2026-05-20 11:15:00
Sociology,National 5,Sociology - National 5,2026-05-20 09:00:00,2026-05-20 11:00:00,2026-05-20,09:00,2026-05-20,11:00,02:00,,02:30,11:30,2026-05-20 11:30:00,03:00,12:00,2026-05-20 12:00:00
Computing Science,Higher,Computing Science - Higher,2026-05-20 09:00:00,2026-05-20 11:00:00,2026-05-20,09:00,2026-05-20,11:00,02:00,,02:30,11:30,2026-05-20 11:30:00,03:00,12:00,2026-05-20 12:00:00
Gaelic (Learners),Higher,Gaelic (Learners) - Higher,2026-05-20 09:00:00,2026-05-20 11:00:00,2026-05-20,09:00,2026-05-20,11:00,02:00,Reading and Directed Writing,02:30,11:30,2026-05-20 11:30:00,03:00,12:00,2026-05-20 12:00:00
Gaelic (Learners),Higher,Gaelic (Learners) - Higher,2026-05-20 11:30:00,2026-05-20 12:00:00,2026-05-20,11:30,2026-05-20,12:00,00:30,Listening,00:37,12:07,2026-05-20 12:07:30,00:45,12:15,2026-05-20 12:15:00
Computing Science,Advanced Higher,Computing Science - Advanced Higher,2026-05-20 09:00:00,2026-05-20 11:00:00,2026-05-20,09:00,2026-05-20,11:00,02:00,,02:30,11:30,2026-05-20 11:30:00,03:00,12:00,2026-05-20 12:00:00
Gaelic (Learners),Advanced Higher,Gaelic (Learners) - Advanced Higher,2026-05-20 09:00:00,2026-05-20 10:30:00,2026-05-20,09:00,2026-05-20,10:30,01:30,Reading and Translation,01:52,10:52,2026-05-20 10:52:30,02:15,11:15,2026-05-20 11:15:00
Gaelic (Learners),Advanced Higher,Gaelic (Learners) - Advanced Higher,2026-05-20 11:00:00,2026-05-20 12:20:00,2026-05-20,11:00,2026-05-20,12:20,01:20,Listening and Discursive Writing,01:40,12:40,2026-05-20 12:40:00,02:00,13:00,2026-05-20 13:00:00
Gaelic (Learners),National 5,Gaelic (Learners) - National 5,2026-05-20 13:00:00,2026-05-20 14:30:00,2026-05-20,13:00,2026-05-20,14:30,01:30,Reading and Writing,01:52,14:52,2026-05-20 14:52:30,02:15,15:15,2026-05-20 15:15:00
Gaelic (Learners),National 5,Gaelic (Learners) - National 5,2026-05-20 15:00:00,2026-05-20 15:30:00,2026-05-20,15:00,2026-05-20,15:30,00:30,Listening,00:37,15:37,2026-05-20 15:37:30,00:45,15:45,2026-05-20 15:45:00
Sociology,Higher,Sociology - Higher,2026-05-20 13:00:00,2026-05-20 15:40:00,2026-05-20,13:00,2026-05-20,15:40,02:40,,03:20,16:20,2026-05-20 16:20:00,04:00,17:00,2026-05-20 17:00:00
Physics,Higher,Physics - Higher,2026-05-21 09:00:00,2026-05-21 09:45:00,2026-05-21,09:00,2026-05-21,09:45,00:45,Paper 1 Multiple Choice,00:56,09:56,2026-05-21 09:56:15,01:07,10:07,2026-05-21 10:07:30
Physics,Higher,Physics - Higher,2026-05-21 10:15:00,2026-05-21 12:30:00,2026-05-21,10:15,2026-05-21,12:30,02:15,Paper 2,02:48,13:03,2026-05-21 13:03:45,03:22,13:37,2026-05-21 13:37:30
Physics,Advanced Higher,Physics - Advanced Higher,2026-05-21 09:00:00,2026-05-21 12:00:00,2026-05-21,09:00,2026-05-21,12:00,03:00,,03:45,12:45,2026-05-21 12:45:00,04:30,13:30,2026-05-21 13:30:00
Physics,National 5,Physics - National 5,2026-05-21 13:00:00,2026-05-21 15:30:00,2026-05-21,13:00,2026-05-21,15:30,02:30,,03:07,16:07,2026-05-21 16:07:30,03:45,16:45,2026-05-21 16:45:00
Classical Studies,National 5,Classical Studies - National 5,2026-05-22 09:00:00,2026-05-22 11:00:00,2026-05-22,09:00,2026-05-22,11:00,02:00,,02:30,11:30,2026-05-22 11:30:00,03:00,12:00,2026-05-22 12:00:00
Classical Studies,Higher,Classical Studies - Higher,2026-05-22 09:00:00,2026-05-22 10:10:00,2026-05-22,09:00,2026-05-22,10:10,01:10,Classical Literature,01:27,10:27,2026-05-22 10:27:30,01:45,10:45,2026-05-22 10:45:00
Classical Studies,Higher,Classical Studies - Higher,2026-05-22 10:40:00,2026-05-22 12:30:00,2026-05-22,10:40,2026-05-22,12:30,01:50,Classical Society,02:17,12:57,2026-05-22 12:57:30,02:45,13:25,2026-05-22 13:25:00
Classical Studies,Advanced Higher,Classical Studies - Advanced Higher,2026-05-22 09:00:00,2026-05-22 12:00:00,2026-05-22,09:00,2026-05-22,12:00,03:00,,03:45,12:45,2026-05-22 12:45:00,04:30,13:30,2026-05-22 13:30:00
Statistics,Advanced Higher,Statistics - Advanced Higher,2026-05-22 09:00:00,2026-05-22 10:00:00,2026-05-22,09:00,2026-05-22,10:00,01:00,Paper 1,01:15,10:15,2026-05-22 10:15:00,01:30,10:30,2026-05-22 10:30:00
Statistics,Advanced Higher,Statistics - Advanced Higher,2026-05-22 10:30:00,2026-05-22 13:15:00,2026-05-22,10:30,2026-05-22,13:15,02:45,Paper 2,03:26,13:56,2026-05-22 13:56:15,04:07,14:37,2026-05-22 14:37:30
Childcare and Development,Higher,Childcare and Development - Higher,2026-05-22 13:30:00,2026-05-22 15:00:00,2026-05-22,13:30,2026-05-22,15:00,01:30,,01:52,15:22,2026-05-22 15:22:30,02:15,15:45,2026-05-22 15:45:00
Fashion and Textile Technology,National 5,Fashion and Textile Technology - National 5,2026-05-25 09:00:00,2026-05-25 10:00:00,2026-05-25,09:00,2026-05-25,10:00,01:00,,01:15,10:15,2026-05-25 10:15:00,01:30,10:30,2026-05-25 10:30:00
Fashion and Textile Technology,Higher,Fashion and Textile Technology - Higher,2026-05-25 09:00:00,2026-05-25 10:30:00,2026-05-25,09:00,2026-05-25,10:30,01:30,,01:52,10:52,2026-05-25 10:52:30,02:15,11:15,2026-05-25 11:15:00
Politics,Higher,Politics - Higher,2026-05-25 09:00:00,2026-05-25 10:45:00,2026-05-25,09:00,2026-05-25,10:45,01:45,Paper 1,02:11,11:11,2026-05-25 11:11:15,02:37,11:37,2026-05-25 11:37:30
Politics,Higher,Politics - Higher,2026-05-25 11:15:00,2026-05-25 12:30:00,2026-05-25,11:15,2026-05-25,12:30,01:15,Paper 2,01:33,12:48,2026-05-25 12:48:45,01:52,13:07,2026-05-25 13:07:30
Accounting,National 5,Accounting - National 5,2026-05-25 13:00:00,2026-05-25 15:00:00,2026-05-25,13:00,2026-05-25,15:00,02:00,,02:30,15:30,2026-05-25 15:30:00,03:00,16:00,2026-05-25 16:00:00
Care,National 5,Care - National 5,2026-05-25 13:00:00,2026-05-25 14:10:00,2026-05-25,13:00,2026-05-25,14:10,01:10,,01:27,14:27,2026-05-25 14:27:30,01:45,14:45,2026-05-25 14:45:00
Accounting,Higher,Accounting - Higher,2026-05-25 13:00:00,2026-05-25 15:30:00,2026-05-25,13:00,2026-05-25,15:30,02:30,,03:07,16:07,2026-05-25 16:07:30,03:45,16:45,2026-05-25 16:45:00
Care,Higher,Care - Higher,2026-05-25 13:00:00,2026-05-25 14:30:00,2026-05-25,13:00,2026-05-25,14:30,01:30,,01:52,14:52,2026-05-25 14:52:30,02:15,15:15,2026-05-25 15:15:00
Accounting,Advanced Higher,Accounting - Advanced Higher,2026-05-25 13:00:00,2026-05-25 15:30:00,2026-05-25,13:00,2026-05-25,15:30,02:30,,03:07,16:07,2026-05-25 16:07:30,03:45,16:45,2026-05-25 16:45:00
Art and Design,National 5,Art and Design - National 5,2026-05-26 09:00:00,2026-05-26 10:20:00,2026-05-26,09:00,2026-05-26,10:20,01:20,,01:40,10:40,2026-05-26 10:40:00,02:00,11:00,2026-05-26 11:00:00
Art and Design,Higher,Art and Design - Higher,2026-05-26 09:00:00,2026-05-26 11:00:00,2026-05-26,09:00,2026-05-26,11:00,02:00,,02:30,11:30,2026-05-26 11:30:00,03:00,12:00,2026-05-26 12:00:00
Psychology,National 5,Psychology - National 5,2026-05-26 13:00:00,2026-05-26 15:00:00,2026-05-26,13:00,2026-05-26,15:00,02:00,,02:30,15:30,2026-05-26 15:30:00,03:00,16:00,2026-05-26 16:00:00
Psychology,Higher,Psychology - Higher,2026-05-26 13:00:00,2026-05-26 15:00:00,2026-05-26,13:00,2026-05-26,15:00,02:00,,02:30,15:30,2026-05-26 15:30:00,03:00,16:00,2026-05-26 16:00:00
Mathematics of Mechanics,Advanced Higher,Mathematics of Mechanics - Advanced Higher,2026-05-26 13:00:00,2026-05-26 16:00:00,2026-05-26,13:00,2026-05-26,16:00,03:00,,03:45,16:45,2026-05-26 16:45:00,04:30,17:30,2026-05-26 17:30:00
Cantonese,National 5,Cantonese - National 5,2026-05-27 09:00:00,2026-05-27 11:00:00,2026-05-27,09:00,2026-05-27,11:00,02:00,Reading and Writing,02:30,11:30,2026-05-27 11:30:00,03:00,12:00,2026-05-27 12:00:00
Cantonese,National 5,Cantonese - National 5,2026-05-27 11:30:00,2026-05-27 12:00:00,2026-05-27,11:30,2026-05-27,12:00,00:30,Listening,00:37,12:07,2026-05-27 12:07:30,00:45,12:15,2026-05-27 12:15:00
Mandarin Simplified,National 5,Mandarin Simplified - National 5,2026-05-27 09:00:00,2026-05-27 11:00:00,2026-05-27,09:00,2026-05-27,11:00,02:00,Reading and Writing,02:30,11:30,2026-05-27 11:30:00,03:00,12:00,2026-05-27 12:00:00
Mandarin Simplified,National 5,Mandarin Simplified - National 5,2026-05-27 11:30:00,2026-05-27 12:00:00,2026-05-27,11:30,2026-05-27,12:00,00:30,Listening,00:37,12:07,2026-05-27 12:07:30,00:45,12:15,2026-05-27 12:15:00
Mandarin Traditional,National 5,Mandarin Traditional - National 5,2026-05-27 09:00:00,2026-05-27 11:00:00,2026-05-27,09:00,2026-05-27,11:00,02:00,Reading and Writing,02:30,11:30,2026-05-27 11:30:00,03:00,12:00,2026-05-27 12:00:00
Mandarin Traditional,National 5,Mandarin Traditional - National 5,2026-05-27 11:30:00,2026-05-27 12:00:00,2026-05-27,11:30,2026-05-27,12:00,00:30,Listening,00:37,12:07,2026-05-27 12:07:30,00:45,12:15,2026-05-27 12:15:00
Cantonese,Higher,Cantonese - Higher,2026-05-27 09:00:00,2026-05-27 11:40:00,2026-05-27,09:00,2026-05-27,11:40,02:40,Reading and Directed Writing,03:20,12:20,2026-05-27 12:20:00,04:00,13:00,2026-05-27 13:00:00
Mandarin Simplified,Higher,Mandarin Simplified - Higher,2026-05-27 09:00:00,2026-05-27 11:40:00,2026-05-27,09:00,2026-05-27,11:40,02:40,Reading and Directed Writing,03:20,12:20,2026-05-27 12:20:00,04:00,13:00,2026-05-27 13:00:00
Mandarin Traditional,Higher,Mandarin Traditional - Higher,2026-05-27 09:00:00,2026-05-27 11:40:00,2026-05-27,09:00,2026-05-27,11:40,02:40,Reading and Directed Writing,03:20,12:20,2026-05-27 12:20:00,04:00,13:00,2026-05-27 13:00:00
Cantonese,Advanced Higher,Cantonese - Advanced Higher,2026-05-27 09:00:00,2026-05-27 10:30:00,2026-05-27,09:00,2026-05-27,10:30,01:30,Reading and Translation,01:52,10:52,2026-05-27 10:52:30,02:15,11:15,2026-05-27 11:15:00
Mandarin Simplified,Advanced Higher,Mandarin Simplified - Advanced Higher,2026-05-27 09:00:00,2026-05-27 10:30:00,2026-05-27,09:00,2026-05-27,10:30,01:30,Reading and Translation,01:52,10:52,2026-05-27 10:52:30,02:15,11:15,2026-05-27 11:15:00
Mandarin Traditional,Advanced Higher,Mandarin Traditional - Advanced Higher,2026-05-27 09:00:00,2026-05-27 10:30:00,2026-05-27,09:00,2026-05-27,10:30,01:30,Reading and Translation,01:52,10:52,2026-05-27 10:52:30,02:15,11:15,2026-05-27 11:15:00
Cantonese,Higher,Cantonese - Higher,2026-05-27 13:00:00,2026-05-27 13:30:00,2026-05-27,13:00,2026-05-27,13:30,00:30,Listening,00:37,13:37,2026-05-27 13:37:30,00:45,13:45,2026-05-27 13:45:00
Mandarin Simplified,Higher,Mandarin Simplified - Higher,2026-05-27 13:00:00,2026-05-27 13:30:00,2026-05-27,13:00,2026-05-27,13:30,00:30,Listening,00:37,13:37,2026-05-27 13:37:30,00:45,13:45,2026-05-27 13:45:00
Mandarin Traditional,Higher,Mandarin Traditional - Higher,2026-05-27 13:00:00,2026-05-27 13:30:00,2026-05-27,13:00,2026-05-27,13:30,00:30,Listening,00:37,13:37,2026-05-27 13:37:30,00:45,13:45,2026-05-27 13:45:00
Cantonese,Advanced Higher,Cantonese - Advanced Higher,2026-05-27 13:00:00,2026-05-27 14:45:00,2026-05-27,13:00,2026-05-27,14:45,01:45,Listening and Discursive Writing,02:11,15:11,2026-05-27 15:11:15,02:37,15:37,2026-05-27 15:37:30
Mandarin Simplified,Advanced Higher,Mandarin Simplified - Advanced Higher,2026-05-27 13:00:00,2026-05-27 14:45:00,2026-05-27,13:00,2026-05-27,14:45,01:45,Listening and Discursive Writing,02:11,15:11,2026-05-27 15:11:15,02:37,15:37,2026-05-27 15:37:30
Mandarin Traditional,Advanced Higher,Mandarin Traditional - Advanced Higher,2026-05-27 13:00:00,2026-05-27 14:45:00,2026-05-27,13:00,2026-05-27,14:45,01:45,Listening and Discursive Writing,02:11,15:11,2026-05-27 15:11:15,02:37,15:37,2026-05-27 15:37:30
Italian,National 5,Italian - National 5,2026-05-28 09:00:00,2026-05-28 10:30:00,2026-05-28,09:00,2026-05-28,10:30,01:30,Reading and Writing,01:52,10:52,2026-05-28 10:52:30,02:15,11:15,2026-05-28 11:15:00
Italian,National 5,Italian - National 5,2026-05-28 11:00:00,2026-05-28 11:30:00,2026-05-28,11:00,2026-05-28,11:30,00:30,Listening,00:37,11:37,2026-05-28 11:37:30,00:45,11:45,2026-05-28 11:45:00
Italian,Higher,Italian - Higher,2026-05-28 09:00:00,2026-05-28 11:00:00,2026-05-28,09:00,2026-05-28,11:00,02:00,Reading and Directed Writing,02:30,11:30,2026-05-28 11:30:00,03:00,12:00,2026-05-28 12:00:00
Italian,Higher,Italian - Higher,2026-05-28 11:30:00,2026-05-28 12:00:00,2026-05-28,11:30,2026-05-28,12:00,00:30,Listening,00:37,12:07,2026-05-28 12:07:30,00:45,12:15,2026-05-28 12:15:00
Italian,Advanced Higher,Italian - Advanced Higher,2026-05-28 09:00:00,2026-05-28 10:30:00,2026-05-28,09:00,2026-05-28,10:30,01:30,Reading and Translation,01:52,10:52,2026-05-28 10:52:30,02:15,11:15,2026-05-28 11:15:00
Italian,Advanced Higher,Italian - Advanced Higher,2026-05-28 11:15:00,2026-05-28 12:35:00,2026-05-28,11:15,2026-05-28,12:35,01:20,Listening and Discursive Writing,01:40,12:55,2026-05-28 12:55:00,02:00,13:15,2026-05-28 13:15:00
Practical Cookery,National 5,Practical Cookery - National 5,2026-05-28 13:30:00,2026-05-28 14:30:00,2026-05-28,13:30,2026-05-28,14:30,01:00,,01:15,14:45,2026-05-28 14:45:00,01:30,15:00,2026-05-28 15:00:00
English for Speakers of Other Languages,National 5,English for Speakers of Other Languages - National 5,2026-05-29 09:00:00,2026-05-29 10:10:00,2026-05-29,09:00,2026-05-29,10:10,01:10,Reading,01:27,10:27,2026-05-29 10:27:30,01:45,10:45,2026-05-29 10:45:00
English for Speakers of Other Languages,National 5,English for Speakers of Other Languages - National 5,2026-05-29 10:40:00,2026-05-29 11:15:00,2026-05-29,10:40,2026-05-29,11:15,00:35,Listening,00:43,11:23,2026-05-29 11:23:45,00:52,11:32,2026-05-29 11:32:30
English for Speakers of Other Languages,National 5,English for Speakers of Other Languages - National 5,2026-05-29 11:45:00,2026-05-29 12:55:00,2026-05-29,11:45,2026-05-29,12:55,01:10,Writing,01:27,13:12,2026-05-29 13:12:30,01:45,13:30,2026-05-29 13:30:00
Philosophy,National 5,Philosophy - National 5,2026-05-29 09:00:00,2026-05-29 11:20:00,2026-05-29,09:00,2026-05-29,11:20,02:20,,02:55,11:55,2026-05-29 11:55:00,03:30,12:30,2026-05-29 12:30:00
Philosophy,Higher,Philosophy - Higher,2026-05-29 09:00:00,2026-05-29 11:15:00,2026-05-29,09:00,2026-05-29,11:15,02:15,Paper 1,02:48,11:48,2026-05-29 11:48:45,03:22,12:22,2026-05-29 12:22:30
Philosophy,Higher,Philosophy - Higher,2026-05-29 12:30:00,2026-05-29 14:15:00,2026-05-29,12:30,2026-05-29,14:15,01:45,Paper 2,02:11,14:41,2026-05-29 14:41:15,02:37,15:07,2026-05-29 15:07:30
Latin,National 5,Latin - National 5,2026-06-01 09:00:00,2026-06-01 10:45:00,2026-06-01,09:00,2026-06-01,10:45,01:45,Paper 1: Literary Appreciation,02:11,11:11,2026-06-01 11:11:15,02:37,11:37,2026-06-01 11:37:30
Latin,National 5,Latin - National 5,2026-06-01 11:15:00,2026-06-01 12:15:00,2026-06-01,11:15,2026-06-01,12:15,01:00,Paper 2: Translating,01:15,12:30,2026-06-01 12:30:00,01:30,12:45,2026-06-01 12:45:00
Latin,Higher,Latin - Higher,2026-06-01 09:00:00,2026-06-01 11:40:00,2026-06-01,09:00,2026-06-01,11:40,02:40,Paper 1: Literary Appreciation,03:20,12:20,2026-06-01 12:20:00,04:00,13:00,2026-06-01 13:00:00
Latin,Advanced Higher,Latin - Advanced Higher,2026-06-01 09:00:00,2026-06-01 10:45:00,2026-06-01,09:00,2026-06-01,10:45,01:45,Paper 1: Literary Appreciation,02:11,11:11,2026-06-01 11:11:15,02:37,11:37,2026-06-01 11:37:30
Latin,Higher,Latin - Higher,2026-06-01 13:00:00,2026-06-01 14:00:00,2026-06-01,13:00,2026-06-01,14:00,01:00,Paper 2: Translating,01:15,14:15,2026-06-01 14:15:00,01:30,14:30,2026-06-01 14:30:00
Latin,Advanced Higher,Latin - Advanced Higher,2026-06-01 13:00:00,2026-06-01 14:30:00,2026-06-01,13:00,2026-06-01,14:30,01:30,Paper 2: Translating,01:52,14:52,2026-06-01 14:52:30,02:15,15:15,2026-06-01 15:15:00
